architecture,optimizer,augment_train,max_epochs,training_time_sec,best_lr,best_val_loss,epochs_run
cnn_from_paper,sgd,True,50,648.6073325052857,0.0013182567385564075,0.1584128886461258,29
cnn_from_paper,adam,True,50,612.0561906546354,3.311311214825911e-05,0.16125360131263733,29
cnn_from_paper,sgd,False,50,117.20596317574382,0.0022908676527677745,0.1749100387096405,12
cnn_from_paper,adam,False,50,128.17393239587545,3.311311214825911e-05,0.22014757990837097,13
