architecture,optimizer,augment_train,max_epochs,training_time_sec,best_lr,best_val_loss,epochs_run
resnet18,sgd,True,50,166.19371286407113,0.005754399373371567,0.050946399569511414,8
resnet18,adam,True,50,125.42571061849594,0.00017378008287493763,0.0515148788690567,6
alexnet,sgd,True,50,129.7110498957336,7.585775750291837e-08,0.7397053241729736,6
alexnet,adam,True,50,134.12788010388613,7.585775750291837e-08,0.622908353805542,6
resnet18,sgd,False,50,57.96507751941681,0.005754399373371567,0.04268137365579605,6
resnet18,adam,False,50,79.59293695166707,0.00017378008287493763,0.03264909237623215,8
alexnet,sgd,False,50,422.97758005559444,1.9054607179632475e-07,0.4960600733757019,40
alexnet,adam,False,50,354.17922620102763,1.9054607179632475e-07,0.32644057273864746,32
